[{"name":"AddWell","qualifiedName":"AddWell","href":"AddWell/AddWell-library.html","type":"library","overriddenDepth":0},{"name":"AddWell","qualifiedName":"AddWell.AddWell","href":"AddWell/AddWell-class.html","type":"class","overriddenDepth":0,"enclosedBy":{"name":"AddWell","type":"library"}},{"name":"operator ==","qualifiedName":"AddWell.AddWell.==","href":"AddWell/AddWell/operator_equals.html","type":"method","overriddenDepth":0,"enclosedBy":{"name":"AddWell","type":"class"}},{"name":"AddWell","qualifiedName":"AddWell.AddWell.AddWell","href":"AddWell/AddWell/AddWell.html","type":"constructor","overriddenDepth":0,"enclosedBy":{"name":"AddWell","type":"class"}},{"name":"createElement","qualifiedName":"AddWell.AddWell.createElement","href":"AddWell/AddWell/createElement.html","type":"method","overriddenDepth":1,"enclosedBy":{"name":"AddWell","type":"class"}},{"name":"createState","qualifiedName":"AddWell.AddWell.createState","href":"AddWell/AddWell/createState.html","type":"method","overriddenDepth":1,"enclosedBy":{"name":"AddWell","type":"class"}},{"name":"debugDescribeChildren","qualifiedName":"AddWell.AddWell.debugDescribeChildren","href":"AddWell/AddWell/debugDescribeChildren.html","type":"method","overriddenDepth":0,"enclosedBy":{"name":"AddWell","type":"class"}},{"name":"debugFillProperties","qualifiedName":"AddWell.AddWell.debugFillProperties","href":"AddWell/AddWell/debugFillProperties.html","type":"method","overriddenDepth":1,"enclosedBy":{"name":"AddWell","type":"class"}},{"name":"hashCode","qualifiedName":"AddWell.AddWell.hashCode","href":"AddWell/AddWell/hashCode.html","type":"property","overriddenDepth":0,"enclosedBy":{"name":"AddWell","type":"class"}},{"name":"key","qualifiedName":"AddWell.AddWell.key","href":"AddWell/AddWell/key.html","type":"property","overriddenDepth":0,"enclosedBy":{"name":"AddWell","type":"class"}},{"name":"noSuchMethod","qualifiedName":"AddWell.AddWell.noSuchMethod","href":"AddWell/AddWell/noSuchMethod.html","type":"method","overriddenDepth":0,"enclosedBy":{"name":"AddWell","type":"class"}},{"name":"runtimeType","qualifiedName":"AddWell.AddWell.runtimeType","href":"AddWell/AddWell/runtimeType.html","type":"property","overriddenDepth":0,"enclosedBy":{"name":"AddWell","type":"class"}},{"name":"title","qualifiedName":"AddWell.AddWell.title","href":"AddWell/AddWell/title.html","type":"property","overriddenDepth":0,"enclosedBy":{"name":"AddWell","type":"class"}},{"name":"toDiagnosticsNode","qualifiedName":"AddWell.AddWell.toDiagnosticsNode","href":"AddWell/AddWell/toDiagnosticsNode.html","type":"method","overriddenDepth":1,"enclosedBy":{"name":"AddWell","type":"class"}},{"name":"toString","qualifiedName":"AddWell.AddWell.toString","href":"AddWell/AddWell/toString.html","type":"method","overriddenDepth":1,"enclosedBy":{"name":"AddWell","type":"class"}},{"name":"toStringDeep","qualifiedName":"AddWell.AddWell.toStringDeep","href":"AddWell/AddWell/toStringDeep.html","type":"method","overriddenDepth":0,"enclosedBy":{"name":"AddWell","type":"class"}},{"name":"toStringShallow","qualifiedName":"AddWell.AddWell.toStringShallow","href":"AddWell/AddWell/toStringShallow.html","type":"method","overriddenDepth":0,"enclosedBy":{"name":"AddWell","type":"class"}},{"name":"toStringShort","qualifiedName":"AddWell.AddWell.toStringShort","href":"AddWell/AddWell/toStringShort.html","type":"method","overriddenDepth":2,"enclosedBy":{"name":"AddWell","type":"class"}},{"name":"PrivacyPolicy","qualifiedName":"PrivacyPolicy","href":"PrivacyPolicy/PrivacyPolicy-library.html","type":"library","overriddenDepth":0},{"name":"PrivacyPolicy","qualifiedName":"PrivacyPolicy.PrivacyPolicy","href":"PrivacyPolicy/PrivacyPolicy-class.html","type":"class","overriddenDepth":0,"enclosedBy":{"name":"PrivacyPolicy","type":"library"}},{"name":"operator ==","qualifiedName":"PrivacyPolicy.PrivacyPolicy.==","href":"PrivacyPolicy/PrivacyPolicy/operator_equals.html","type":"method","overriddenDepth":0,"enclosedBy":{"name":"PrivacyPolicy","type":"class"}},{"name":"PrivacyPolicy","qualifiedName":"PrivacyPolicy.PrivacyPolicy.PrivacyPolicy","href":"PrivacyPolicy/PrivacyPolicy/PrivacyPolicy.html","type":"constructor","overriddenDepth":0,"enclosedBy":{"name":"PrivacyPolicy","type":"class"}},{"name":"createElement","qualifiedName":"PrivacyPolicy.PrivacyPolicy.createElement","href":"PrivacyPolicy/PrivacyPolicy/createElement.html","type":"method","overriddenDepth":1,"enclosedBy":{"name":"PrivacyPolicy","type":"class"}},{"name":"createState","qualifiedName":"PrivacyPolicy.PrivacyPolicy.createState","href":"PrivacyPolicy/PrivacyPolicy/createState.html","type":"method","overriddenDepth":1,"enclosedBy":{"name":"PrivacyPolicy","type":"class"}},{"name":"debugDescribeChildren","qualifiedName":"PrivacyPolicy.PrivacyPolicy.debugDescribeChildren","href":"PrivacyPolicy/PrivacyPolicy/debugDescribeChildren.html","type":"method","overriddenDepth":0,"enclosedBy":{"name":"PrivacyPolicy","type":"class"}},{"name":"debugFillProperties","qualifiedName":"PrivacyPolicy.PrivacyPolicy.debugFillProperties","href":"PrivacyPolicy/PrivacyPolicy/debugFillProperties.html","type":"method","overriddenDepth":1,"enclosedBy":{"name":"PrivacyPolicy","type":"class"}},{"name":"hashCode","qualifiedName":"PrivacyPolicy.PrivacyPolicy.hashCode","href":"PrivacyPolicy/PrivacyPolicy/hashCode.html","type":"property","overriddenDepth":0,"enclosedBy":{"name":"PrivacyPolicy","type":"class"}},{"name":"key","qualifiedName":"PrivacyPolicy.PrivacyPolicy.key","href":"PrivacyPolicy/PrivacyPolicy/key.html","type":"property","overriddenDepth":0,"enclosedBy":{"name":"PrivacyPolicy","type":"class"}},{"name":"noSuchMethod","qualifiedName":"PrivacyPolicy.PrivacyPolicy.noSuchMethod","href":"PrivacyPolicy/PrivacyPolicy/noSuchMethod.html","type":"method","overriddenDepth":0,"enclosedBy":{"name":"PrivacyPolicy","type":"class"}},{"name":"runtimeType","qualifiedName":"PrivacyPolicy.PrivacyPolicy.runtimeType","href":"PrivacyPolicy/PrivacyPolicy/runtimeType.html","type":"property","overriddenDepth":0,"enclosedBy":{"name":"PrivacyPolicy","type":"class"}},{"name":"title","qualifiedName":"PrivacyPolicy.PrivacyPolicy.title","href":"PrivacyPolicy/PrivacyPolicy/title.html","type":"property","overriddenDepth":0,"enclosedBy":{"name":"PrivacyPolicy","type":"class"}},{"name":"toDiagnosticsNode","qualifiedName":"PrivacyPolicy.PrivacyPolicy.toDiagnosticsNode","href":"PrivacyPolicy/PrivacyPolicy/toDiagnosticsNode.html","type":"method","overriddenDepth":1,"enclosedBy":{"name":"PrivacyPolicy","type":"class"}},{"name":"toString","qualifiedName":"PrivacyPolicy.PrivacyPolicy.toString","href":"PrivacyPolicy/PrivacyPolicy/toString.html","type":"method","overriddenDepth":1,"enclosedBy":{"name":"PrivacyPolicy","type":"class"}},{"name":"toStringDeep","qualifiedName":"PrivacyPolicy.PrivacyPolicy.toStringDeep","href":"PrivacyPolicy/PrivacyPolicy/toStringDeep.html","type":"method","overriddenDepth":0,"enclosedBy":{"name":"PrivacyPolicy","type":"class"}},{"name":"toStringShallow","qualifiedName":"PrivacyPolicy.PrivacyPolicy.toStringShallow","href":"PrivacyPolicy/PrivacyPolicy/toStringShallow.html","type":"method","overriddenDepth":0,"enclosedBy":{"name":"PrivacyPolicy","type":"class"}},{"name":"toStringShort","qualifiedName":"PrivacyPolicy.PrivacyPolicy.toStringShort","href":"PrivacyPolicy/PrivacyPolicy/toStringShort.html","type":"method","overriddenDepth":2,"enclosedBy":{"name":"PrivacyPolicy","type":"class"}},{"name":"Settings","qualifiedName":"Settings","href":"Settings/Settings-library.html","type":"library","overriddenDepth":0},{"name":"DisplaySettings","qualifiedName":"Settings.DisplaySettings","href":"Settings/DisplaySettings-class.html","type":"class","overriddenDepth":0,"enclosedBy":{"name":"Settings","type":"library"}},{"name":"operator ==","qualifiedName":"Settings.DisplaySettings.==","href":"Settings/DisplaySettings/operator_equals.html","type":"method","overriddenDepth":0,"enclosedBy":{"name":"DisplaySettings","type":"class"}},{"name":"DisplaySettings","qualifiedName":"Settings.DisplaySettings.DisplaySettings","href":"Settings/DisplaySettings/DisplaySettings.html","type":"constructor","overriddenDepth":0,"enclosedBy":{"name":"DisplaySettings","type":"class"}},{"name":"createElement","qualifiedName":"Settings.DisplaySettings.createElement","href":"Settings/DisplaySettings/createElement.html","type":"method","overriddenDepth":1,"enclosedBy":{"name":"DisplaySettings","type":"class"}},{"name":"createState","qualifiedName":"Settings.DisplaySettings.createState","href":"Settings/DisplaySettings/createState.html","type":"method","overriddenDepth":1,"enclosedBy":{"name":"DisplaySettings","type":"class"}},{"name":"debugDescribeChildren","qualifiedName":"Settings.DisplaySettings.debugDescribeChildren","href":"Settings/DisplaySettings/debugDescribeChildren.html","type":"method","overriddenDepth":0,"enclosedBy":{"name":"DisplaySettings","type":"class"}},{"name":"debugFillProperties","qualifiedName":"Settings.DisplaySettings.debugFillProperties","href":"Settings/DisplaySettings/debugFillProperties.html","type":"method","overriddenDepth":1,"enclosedBy":{"name":"DisplaySettings","type":"class"}},{"name":"hashCode","qualifiedName":"Settings.DisplaySettings.hashCode","href":"Settings/DisplaySettings/hashCode.html","type":"property","overriddenDepth":0,"enclosedBy":{"name":"DisplaySettings","type":"class"}},{"name":"key","qualifiedName":"Settings.DisplaySettings.key","href":"Settings/DisplaySettings/key.html","type":"property","overriddenDepth":0,"enclosedBy":{"name":"DisplaySettings","type":"class"}},{"name":"noSuchMethod","qualifiedName":"Settings.DisplaySettings.noSuchMethod","href":"Settings/DisplaySettings/noSuchMethod.html","type":"method","overriddenDepth":0,"enclosedBy":{"name":"DisplaySettings","type":"class"}},{"name":"runtimeType","qualifiedName":"Settings.DisplaySettings.runtimeType","href":"Settings/DisplaySettings/runtimeType.html","type":"property","overriddenDepth":0,"enclosedBy":{"name":"DisplaySettings","type":"class"}},{"name":"toDiagnosticsNode","qualifiedName":"Settings.DisplaySettings.toDiagnosticsNode","href":"Settings/DisplaySettings/toDiagnosticsNode.html","type":"method","overriddenDepth":1,"enclosedBy":{"name":"DisplaySettings","type":"class"}},{"name":"toString","qualifiedName":"Settings.DisplaySettings.toString","href":"Settings/DisplaySettings/toString.html","type":"method","overriddenDepth":1,"enclosedBy":{"name":"DisplaySettings","type":"class"}},{"name":"toStringDeep","qualifiedName":"Settings.DisplaySettings.toStringDeep","href":"Settings/DisplaySettings/toStringDeep.html","type":"method","overriddenDepth":0,"enclosedBy":{"name":"DisplaySettings","type":"class"}},{"name":"toStringShallow","qualifiedName":"Settings.DisplaySettings.toStringShallow","href":"Settings/DisplaySettings/toStringShallow.html","type":"method","overriddenDepth":0,"enclosedBy":{"name":"DisplaySettings","type":"class"}},{"name":"toStringShort","qualifiedName":"Settings.DisplaySettings.toStringShort","href":"Settings/DisplaySettings/toStringShort.html","type":"method","overriddenDepth":2,"enclosedBy":{"name":"DisplaySettings","type":"class"}},{"name":"DisplaySettingsState","qualifiedName":"Settings.DisplaySettingsState","href":"Settings/DisplaySettingsState-class.html","type":"class","overriddenDepth":0,"enclosedBy":{"name":"Settings","type":"library"}},{"name":"operator ==","qualifiedName":"Settings.DisplaySettingsState.==","href":"Settings/DisplaySettingsState/operator_equals.html","type":"method","overriddenDepth":0,"enclosedBy":{"name":"DisplaySettingsState","type":"class"}},{"name":"DisplaySettingsState","qualifiedName":"Settings.DisplaySettingsState.DisplaySettingsState","href":"Settings/DisplaySettingsState/DisplaySettingsState.html","type":"constructor","overriddenDepth":0,"enclosedBy":{"name":"DisplaySettingsState","type":"class"}},{"name":"build","qualifiedName":"Settings.DisplaySettingsState.build","href":"Settings/DisplaySettingsState/build.html","type":"method","overriddenDepth":1,"enclosedBy":{"name":"DisplaySettingsState","type":"class"}},{"name":"context","qualifiedName":"Settings.DisplaySettingsState.context","href":"Settings/DisplaySettingsState/context.html","type":"property","overriddenDepth":0,"enclosedBy":{"name":"DisplaySettingsState","type":"class"}},{"name":"deactivate","qualifiedName":"Settings.DisplaySettingsState.deactivate","href":"Settings/DisplaySettingsState/deactivate.html","type":"method","overriddenDepth":0,"enclosedBy":{"name":"DisplaySettingsState","type":"class"}},{"name":"debugFillProperties","qualifiedName":"Settings.DisplaySettingsState.debugFillProperties","href":"Settings/DisplaySettingsState/debugFillProperties.html","type":"method","overriddenDepth":1,"enclosedBy":{"name":"DisplaySettingsState","type":"class"}},{"name":"didChangeDependencies","qualifiedName":"Settings.DisplaySettingsState.didChangeDependencies","href":"Settings/DisplaySettingsState/didChangeDependencies.html","type":"method","overriddenDepth":0,"enclosedBy":{"name":"DisplaySettingsState","type":"class"}},{"name":"didUpdateWidget","qualifiedName":"Settings.DisplaySettingsState.didUpdateWidget","href":"Settings/DisplaySettingsState/didUpdateWidget.html","type":"method","overriddenDepth":0,"enclosedBy":{"name":"DisplaySettingsState","type":"class"}},{"name":"dispose","qualifiedName":"Settings.DisplaySettingsState.dispose","href":"Settings/DisplaySettingsState/dispose.html","type":"method","overriddenDepth":0,"enclosedBy":{"name":"DisplaySettingsState","type":"class"}},{"name":"hashCode","qualifiedName":"Settings.DisplaySettingsState.hashCode","href":"Settings/DisplaySettingsState/hashCode.html","type":"property","overriddenDepth":0,"enclosedBy":{"name":"DisplaySettingsState","type":"class"}},{"name":"initState","qualifiedName":"Settings.DisplaySettingsState.initState","href":"Settings/DisplaySettingsState/initState.html","type":"method","overriddenDepth":0,"enclosedBy":{"name":"DisplaySettingsState","type":"class"}},{"name":"mounted","qualifiedName":"Settings.DisplaySettingsState.mounted","href":"Settings/DisplaySettingsState/mounted.html","type":"property","overriddenDepth":0,"enclosedBy":{"name":"DisplaySettingsState","type":"class"}},{"name":"noSuchMethod","qualifiedName":"Settings.DisplaySettingsState.noSuchMethod","href":"Settings/DisplaySettingsState/noSuchMethod.html","type":"method","overriddenDepth":0,"enclosedBy":{"name":"DisplaySettingsState","type":"class"}},{"name":"reassemble","qualifiedName":"Settings.DisplaySettingsState.reassemble","href":"Settings/DisplaySettingsState/reassemble.html","type":"method","overriddenDepth":0,"enclosedBy":{"name":"DisplaySettingsState","type":"class"}},{"name":"runtimeType","qualifiedName":"Settings.DisplaySettingsState.runtimeType","href":"Settings/DisplaySettingsState/runtimeType.html","type":"property","overriddenDepth":0,"enclosedBy":{"name":"DisplaySettingsState","type":"class"}},{"name":"setState","qualifiedName":"Settings.DisplaySettingsState.setState","href":"Settings/DisplaySettingsState/setState.html","type":"method","overriddenDepth":0,"enclosedBy":{"name":"DisplaySettingsState","type":"class"}},{"name":"toDiagnosticsNode","qualifiedName":"Settings.DisplaySettingsState.toDiagnosticsNode","href":"Settings/DisplaySettingsState/toDiagnosticsNode.html","type":"method","overriddenDepth":0,"enclosedBy":{"name":"DisplaySettingsState","type":"class"}},{"name":"toString","qualifiedName":"Settings.DisplaySettingsState.toString","href":"Settings/DisplaySettingsState/toString.html","type":"method","overriddenDepth":1,"enclosedBy":{"name":"DisplaySettingsState","type":"class"}},{"name":"toStringShort","qualifiedName":"Settings.DisplaySettingsState.toStringShort","href":"Settings/DisplaySettingsState/toStringShort.html","type":"method","overriddenDepth":0,"enclosedBy":{"name":"DisplaySettingsState","type":"class"}},{"name":"widget","qualifiedName":"Settings.DisplaySettingsState.widget","href":"Settings/DisplaySettingsState/widget.html","type":"property","overriddenDepth":0,"enclosedBy":{"name":"DisplaySettingsState","type":"class"}},{"name":"Settings","qualifiedName":"Settings.Settings","href":"Settings/Settings-class.html","type":"class","overriddenDepth":0,"enclosedBy":{"name":"Settings","type":"library"}},{"name":"operator ==","qualifiedName":"Settings.Settings.==","href":"Settings/Settings/operator_equals.html","type":"method","overriddenDepth":0,"enclosedBy":{"name":"Settings","type":"class"}},{"name":"Settings","qualifiedName":"Settings.Settings.Settings","href":"Settings/Settings/Settings.html","type":"constructor","overriddenDepth":0,"enclosedBy":{"name":"Settings","type":"class"}},{"name":"createElement","qualifiedName":"Settings.Settings.createElement","href":"Settings/Settings/createElement.html","type":"method","overriddenDepth":1,"enclosedBy":{"name":"Settings","type":"class"}},{"name":"createState","qualifiedName":"Settings.Settings.createState","href":"Settings/Settings/createState.html","type":"method","overriddenDepth":1,"enclosedBy":{"name":"Settings","type":"class"}},{"name":"debugDescribeChildren","qualifiedName":"Settings.Settings.debugDescribeChildren","href":"Settings/Settings/debugDescribeChildren.html","type":"method","overriddenDepth":0,"enclosedBy":{"name":"Settings","type":"class"}},{"name":"debugFillProperties","qualifiedName":"Settings.Settings.debugFillProperties","href":"Settings/Settings/debugFillProperties.html","type":"method","overriddenDepth":1,"enclosedBy":{"name":"Settings","type":"class"}},{"name":"hashCode","qualifiedName":"Settings.Settings.hashCode","href":"Settings/Settings/hashCode.html","type":"property","overriddenDepth":0,"enclosedBy":{"name":"Settings","type":"class"}},{"name":"key","qualifiedName":"Settings.Settings.key","href":"Settings/Settings/key.html","type":"property","overriddenDepth":0,"enclosedBy":{"name":"Settings","type":"class"}},{"name":"noSuchMethod","qualifiedName":"Settings.Settings.noSuchMethod","href":"Settings/Settings/noSuchMethod.html","type":"method","overriddenDepth":0,"enclosedBy":{"name":"Settings","type":"class"}},{"name":"runtimeType","qualifiedName":"Settings.Settings.runtimeType","href":"Settings/Settings/runtimeType.html","type":"property","overriddenDepth":0,"enclosedBy":{"name":"Settings","type":"class"}},{"name":"title","qualifiedName":"Settings.Settings.title","href":"Settings/Settings/title.html","type":"property","overriddenDepth":0,"enclosedBy":{"name":"Settings","type":"class"}},{"name":"toDiagnosticsNode","qualifiedName":"Settings.Settings.toDiagnosticsNode","href":"Settings/Settings/toDiagnosticsNode.html","type":"method","overriddenDepth":1,"enclosedBy":{"name":"Settings","type":"class"}},{"name":"toString","qualifiedName":"Settings.Settings.toString","href":"Settings/Settings/toString.html","type":"method","overriddenDepth":1,"enclosedBy":{"name":"Settings","type":"class"}},{"name":"toStringDeep","qualifiedName":"Settings.Settings.toStringDeep","href":"Settings/Settings/toStringDeep.html","type":"method","overriddenDepth":0,"enclosedBy":{"name":"Settings","type":"class"}},{"name":"toStringShallow","qualifiedName":"Settings.Settings.toStringShallow","href":"Settings/Settings/toStringShallow.html","type":"method","overriddenDepth":0,"enclosedBy":{"name":"Settings","type":"class"}},{"name":"toStringShort","qualifiedName":"Settings.Settings.toStringShort","href":"Settings/Settings/toStringShort.html","type":"method","overriddenDepth":2,"enclosedBy":{"name":"Settings","type":"class"}},{"name":"WellMap","qualifiedName":"WellMap","href":"WellMap/WellMap-library.html","type":"library","overriddenDepth":0},{"name":"WellMap","qualifiedName":"WellMap.WellMap","href":"WellMap/WellMap-class.html","type":"class","overriddenDepth":0,"enclosedBy":{"name":"WellMap","type":"library"}},{"name":"operator ==","qualifiedName":"WellMap.WellMap.==","href":"WellMap/WellMap/operator_equals.html","type":"method","overriddenDepth":0,"enclosedBy":{"name":"WellMap","type":"class"}},{"name":"WellMap","qualifiedName":"WellMap.WellMap.WellMap","href":"WellMap/WellMap/WellMap.html","type":"constructor","overriddenDepth":0,"enclosedBy":{"name":"WellMap","type":"class"}},{"name":"createElement","qualifiedName":"WellMap.WellMap.createElement","href":"WellMap/WellMap/createElement.html","type":"method","overriddenDepth":1,"enclosedBy":{"name":"WellMap","type":"class"}},{"name":"createState","qualifiedName":"WellMap.WellMap.createState","href":"WellMap/WellMap/createState.html","type":"method","overriddenDepth":1,"enclosedBy":{"name":"WellMap","type":"class"}},{"name":"debugDescribeChildren","qualifiedName":"WellMap.WellMap.debugDescribeChildren","href":"WellMap/WellMap/debugDescribeChildren.html","type":"method","overriddenDepth":0,"enclosedBy":{"name":"WellMap","type":"class"}},{"name":"debugFillProperties","qualifiedName":"WellMap.WellMap.debugFillProperties","href":"WellMap/WellMap/debugFillProperties.html","type":"method","overriddenDepth":1,"enclosedBy":{"name":"WellMap","type":"class"}},{"name":"hashCode","qualifiedName":"WellMap.WellMap.hashCode","href":"WellMap/WellMap/hashCode.html","type":"property","overriddenDepth":0,"enclosedBy":{"name":"WellMap","type":"class"}},{"name":"key","qualifiedName":"WellMap.WellMap.key","href":"WellMap/WellMap/key.html","type":"property","overriddenDepth":0,"enclosedBy":{"name":"WellMap","type":"class"}},{"name":"noSuchMethod","qualifiedName":"WellMap.WellMap.noSuchMethod","href":"WellMap/WellMap/noSuchMethod.html","type":"method","overriddenDepth":0,"enclosedBy":{"name":"WellMap","type":"class"}},{"name":"runtimeType","qualifiedName":"WellMap.WellMap.runtimeType","href":"WellMap/WellMap/runtimeType.html","type":"property","overriddenDepth":0,"enclosedBy":{"name":"WellMap","type":"class"}},{"name":"title","qualifiedName":"WellMap.WellMap.title","href":"WellMap/WellMap/title.html","type":"property","overriddenDepth":0,"enclosedBy":{"name":"WellMap","type":"class"}},{"name":"toDiagnosticsNode","qualifiedName":"WellMap.WellMap.toDiagnosticsNode","href":"WellMap/WellMap/toDiagnosticsNode.html","type":"method","overriddenDepth":1,"enclosedBy":{"name":"WellMap","type":"class"}},{"name":"toString","qualifiedName":"WellMap.WellMap.toString","href":"WellMap/WellMap/toString.html","type":"method","overriddenDepth":1,"enclosedBy":{"name":"WellMap","type":"class"}},{"name":"toStringDeep","qualifiedName":"WellMap.WellMap.toStringDeep","href":"WellMap/WellMap/toStringDeep.html","type":"method","overriddenDepth":0,"enclosedBy":{"name":"WellMap","type":"class"}},{"name":"toStringShallow","qualifiedName":"WellMap.WellMap.toStringShallow","href":"WellMap/WellMap/toStringShallow.html","type":"method","overriddenDepth":0,"enclosedBy":{"name":"WellMap","type":"class"}},{"name":"toStringShort","qualifiedName":"WellMap.WellMap.toStringShort","href":"WellMap/WellMap/toStringShort.html","type":"method","overriddenDepth":2,"enclosedBy":{"name":"WellMap","type":"class"}},{"name":"WellOverview","qualifiedName":"WellOverview","href":"WellOverview/WellOverview-library.html","type":"library","overriddenDepth":0},{"name":"DisplayWells","qualifiedName":"WellOverview.DisplayWells","href":"WellOverview/DisplayWells-class.html","type":"class","overriddenDepth":0,"enclosedBy":{"name":"WellOverview","type":"library"}},{"name":"operator ==","qualifiedName":"WellOverview.DisplayWells.==","href":"WellOverview/DisplayWells/operator_equals.html","type":"method","overriddenDepth":0,"enclosedBy":{"name":"DisplayWells","type":"class"}},{"name":"DisplayWells","qualifiedName":"WellOverview.DisplayWells.DisplayWells","href":"WellOverview/DisplayWells/DisplayWells.html","type":"constructor","overriddenDepth":0,"enclosedBy":{"name":"DisplayWells","type":"class"}},{"name":"createElement","qualifiedName":"WellOverview.DisplayWells.createElement","href":"WellOverview/DisplayWells/createElement.html","type":"method","overriddenDepth":1,"enclosedBy":{"name":"DisplayWells","type":"class"}},{"name":"createState","qualifiedName":"WellOverview.DisplayWells.createState","href":"WellOverview/DisplayWells/createState.html","type":"method","overriddenDepth":1,"enclosedBy":{"name":"DisplayWells","type":"class"}},{"name":"debugDescribeChildren","qualifiedName":"WellOverview.DisplayWells.debugDescribeChildren","href":"WellOverview/DisplayWells/debugDescribeChildren.html","type":"method","overriddenDepth":0,"enclosedBy":{"name":"DisplayWells","type":"class"}},{"name":"debugFillProperties","qualifiedName":"WellOverview.DisplayWells.debugFillProperties","href":"WellOverview/DisplayWells/debugFillProperties.html","type":"method","overriddenDepth":1,"enclosedBy":{"name":"DisplayWells","type":"class"}},{"name":"hashCode","qualifiedName":"WellOverview.DisplayWells.hashCode","href":"WellOverview/DisplayWells/hashCode.html","type":"property","overriddenDepth":0,"enclosedBy":{"name":"DisplayWells","type":"class"}},{"name":"key","qualifiedName":"WellOverview.DisplayWells.key","href":"WellOverview/DisplayWells/key.html","type":"property","overriddenDepth":0,"enclosedBy":{"name":"DisplayWells","type":"class"}},{"name":"noSuchMethod","qualifiedName":"WellOverview.DisplayWells.noSuchMethod","href":"WellOverview/DisplayWells/noSuchMethod.html","type":"method","overriddenDepth":0,"enclosedBy":{"name":"DisplayWells","type":"class"}},{"name":"runtimeType","qualifiedName":"WellOverview.DisplayWells.runtimeType","href":"WellOverview/DisplayWells/runtimeType.html","type":"property","overriddenDepth":0,"enclosedBy":{"name":"DisplayWells","type":"class"}},{"name":"toDiagnosticsNode","qualifiedName":"WellOverview.DisplayWells.toDiagnosticsNode","href":"WellOverview/DisplayWells/toDiagnosticsNode.html","type":"method","overriddenDepth":1,"enclosedBy":{"name":"DisplayWells","type":"class"}},{"name":"toString","qualifiedName":"WellOverview.DisplayWells.toString","href":"WellOverview/DisplayWells/toString.html","type":"method","overriddenDepth":1,"enclosedBy":{"name":"DisplayWells","type":"class"}},{"name":"toStringDeep","qualifiedName":"WellOverview.DisplayWells.toStringDeep","href":"WellOverview/DisplayWells/toStringDeep.html","type":"method","overriddenDepth":0,"enclosedBy":{"name":"DisplayWells","type":"class"}},{"name":"toStringShallow","qualifiedName":"WellOverview.DisplayWells.toStringShallow","href":"WellOverview/DisplayWells/toStringShallow.html","type":"method","overriddenDepth":0,"enclosedBy":{"name":"DisplayWells","type":"class"}},{"name":"toStringShort","qualifiedName":"WellOverview.DisplayWells.toStringShort","href":"WellOverview/DisplayWells/toStringShort.html","type":"method","overriddenDepth":2,"enclosedBy":{"name":"DisplayWells","type":"class"}},{"name":"DisplayWellsState","qualifiedName":"WellOverview.DisplayWellsState","href":"WellOverview/DisplayWellsState-class.html","type":"class","overriddenDepth":0,"enclosedBy":{"name":"WellOverview","type":"library"}},{"name":"operator ==","qualifiedName":"WellOverview.DisplayWellsState.==","href":"WellOverview/DisplayWellsState/operator_equals.html","type":"method","overriddenDepth":0,"enclosedBy":{"name":"DisplayWellsState","type":"class"}},{"name":"DisplayWellsState","qualifiedName":"WellOverview.DisplayWellsState.DisplayWellsState","href":"WellOverview/DisplayWellsState/DisplayWellsState.html","type":"constructor","overriddenDepth":0,"enclosedBy":{"name":"DisplayWellsState","type":"class"}},{"name":"build","qualifiedName":"WellOverview.DisplayWellsState.build","href":"WellOverview/DisplayWellsState/build.html","type":"method","overriddenDepth":1,"enclosedBy":{"name":"DisplayWellsState","type":"class"}},{"name":"context","qualifiedName":"WellOverview.DisplayWellsState.context","href":"WellOverview/DisplayWellsState/context.html","type":"property","overriddenDepth":0,"enclosedBy":{"name":"DisplayWellsState","type":"class"}},{"name":"deactivate","qualifiedName":"WellOverview.DisplayWellsState.deactivate","href":"WellOverview/DisplayWellsState/deactivate.html","type":"method","overriddenDepth":0,"enclosedBy":{"name":"DisplayWellsState","type":"class"}},{"name":"debugFillProperties","qualifiedName":"WellOverview.DisplayWellsState.debugFillProperties","href":"WellOverview/DisplayWellsState/debugFillProperties.html","type":"method","overriddenDepth":1,"enclosedBy":{"name":"DisplayWellsState","type":"class"}},{"name":"didChangeDependencies","qualifiedName":"WellOverview.DisplayWellsState.didChangeDependencies","href":"WellOverview/DisplayWellsState/didChangeDependencies.html","type":"method","overriddenDepth":0,"enclosedBy":{"name":"DisplayWellsState","type":"class"}},{"name":"didUpdateWidget","qualifiedName":"WellOverview.DisplayWellsState.didUpdateWidget","href":"WellOverview/DisplayWellsState/didUpdateWidget.html","type":"method","overriddenDepth":0,"enclosedBy":{"name":"DisplayWellsState","type":"class"}},{"name":"dispose","qualifiedName":"WellOverview.DisplayWellsState.dispose","href":"WellOverview/DisplayWellsState/dispose.html","type":"method","overriddenDepth":0,"enclosedBy":{"name":"DisplayWellsState","type":"class"}},{"name":"hashCode","qualifiedName":"WellOverview.DisplayWellsState.hashCode","href":"WellOverview/DisplayWellsState/hashCode.html","type":"property","overriddenDepth":0,"enclosedBy":{"name":"DisplayWellsState","type":"class"}},{"name":"initState","qualifiedName":"WellOverview.DisplayWellsState.initState","href":"WellOverview/DisplayWellsState/initState.html","type":"method","overriddenDepth":0,"enclosedBy":{"name":"DisplayWellsState","type":"class"}},{"name":"mounted","qualifiedName":"WellOverview.DisplayWellsState.mounted","href":"WellOverview/DisplayWellsState/mounted.html","type":"property","overriddenDepth":0,"enclosedBy":{"name":"DisplayWellsState","type":"class"}},{"name":"noSuchMethod","qualifiedName":"WellOverview.DisplayWellsState.noSuchMethod","href":"WellOverview/DisplayWellsState/noSuchMethod.html","type":"method","overriddenDepth":0,"enclosedBy":{"name":"DisplayWellsState","type":"class"}},{"name":"reassemble","qualifiedName":"WellOverview.DisplayWellsState.reassemble","href":"WellOverview/DisplayWellsState/reassemble.html","type":"method","overriddenDepth":0,"enclosedBy":{"name":"DisplayWellsState","type":"class"}},{"name":"runtimeType","qualifiedName":"WellOverview.DisplayWellsState.runtimeType","href":"WellOverview/DisplayWellsState/runtimeType.html","type":"property","overriddenDepth":0,"enclosedBy":{"name":"DisplayWellsState","type":"class"}},{"name":"setState","qualifiedName":"WellOverview.DisplayWellsState.setState","href":"WellOverview/DisplayWellsState/setState.html","type":"method","overriddenDepth":0,"enclosedBy":{"name":"DisplayWellsState","type":"class"}},{"name":"toDiagnosticsNode","qualifiedName":"WellOverview.DisplayWellsState.toDiagnosticsNode","href":"WellOverview/DisplayWellsState/toDiagnosticsNode.html","type":"method","overriddenDepth":0,"enclosedBy":{"name":"DisplayWellsState","type":"class"}},{"name":"toString","qualifiedName":"WellOverview.DisplayWellsState.toString","href":"WellOverview/DisplayWellsState/toString.html","type":"method","overriddenDepth":1,"enclosedBy":{"name":"DisplayWellsState","type":"class"}},{"name":"toStringShort","qualifiedName":"WellOverview.DisplayWellsState.toStringShort","href":"WellOverview/DisplayWellsState/toStringShort.html","type":"method","overriddenDepth":0,"enclosedBy":{"name":"DisplayWellsState","type":"class"}},{"name":"widget","qualifiedName":"WellOverview.DisplayWellsState.widget","href":"WellOverview/DisplayWellsState/widget.html","type":"property","overriddenDepth":0,"enclosedBy":{"name":"DisplayWellsState","type":"class"}},{"name":"WellOverview","qualifiedName":"WellOverview.WellOverview","href":"WellOverview/WellOverview-class.html","type":"class","overriddenDepth":0,"enclosedBy":{"name":"WellOverview","type":"library"}},{"name":"operator ==","qualifiedName":"WellOverview.WellOverview.==","href":"WellOverview/WellOverview/operator_equals.html","type":"method","overriddenDepth":0,"enclosedBy":{"name":"WellOverview","type":"class"}},{"name":"WellOverview","qualifiedName":"WellOverview.WellOverview.WellOverview","href":"WellOverview/WellOverview/WellOverview.html","type":"constructor","overriddenDepth":0,"enclosedBy":{"name":"WellOverview","type":"class"}},{"name":"createElement","qualifiedName":"WellOverview.WellOverview.createElement","href":"WellOverview/WellOverview/createElement.html","type":"method","overriddenDepth":1,"enclosedBy":{"name":"WellOverview","type":"class"}},{"name":"createState","qualifiedName":"WellOverview.WellOverview.createState","href":"WellOverview/WellOverview/createState.html","type":"method","overriddenDepth":1,"enclosedBy":{"name":"WellOverview","type":"class"}},{"name":"debugDescribeChildren","qualifiedName":"WellOverview.WellOverview.debugDescribeChildren","href":"WellOverview/WellOverview/debugDescribeChildren.html","type":"method","overriddenDepth":0,"enclosedBy":{"name":"WellOverview","type":"class"}},{"name":"debugFillProperties","qualifiedName":"WellOverview.WellOverview.debugFillProperties","href":"WellOverview/WellOverview/debugFillProperties.html","type":"method","overriddenDepth":1,"enclosedBy":{"name":"WellOverview","type":"class"}},{"name":"hashCode","qualifiedName":"WellOverview.WellOverview.hashCode","href":"WellOverview/WellOverview/hashCode.html","type":"property","overriddenDepth":0,"enclosedBy":{"name":"WellOverview","type":"class"}},{"name":"key","qualifiedName":"WellOverview.WellOverview.key","href":"WellOverview/WellOverview/key.html","type":"property","overriddenDepth":0,"enclosedBy":{"name":"WellOverview","type":"class"}},{"name":"noSuchMethod","qualifiedName":"WellOverview.WellOverview.noSuchMethod","href":"WellOverview/WellOverview/noSuchMethod.html","type":"method","overriddenDepth":0,"enclosedBy":{"name":"WellOverview","type":"class"}},{"name":"runtimeType","qualifiedName":"WellOverview.WellOverview.runtimeType","href":"WellOverview/WellOverview/runtimeType.html","type":"property","overriddenDepth":0,"enclosedBy":{"name":"WellOverview","type":"class"}},{"name":"title","qualifiedName":"WellOverview.WellOverview.title","href":"WellOverview/WellOverview/title.html","type":"property","overriddenDepth":0,"enclosedBy":{"name":"WellOverview","type":"class"}},{"name":"toDiagnosticsNode","qualifiedName":"WellOverview.WellOverview.toDiagnosticsNode","href":"WellOverview/WellOverview/toDiagnosticsNode.html","type":"method","overriddenDepth":1,"enclosedBy":{"name":"WellOverview","type":"class"}},{"name":"toString","qualifiedName":"WellOverview.WellOverview.toString","href":"WellOverview/WellOverview/toString.html","type":"method","overriddenDepth":1,"enclosedBy":{"name":"WellOverview","type":"class"}},{"name":"toStringDeep","qualifiedName":"WellOverview.WellOverview.toStringDeep","href":"WellOverview/WellOverview/toStringDeep.html","type":"method","overriddenDepth":0,"enclosedBy":{"name":"WellOverview","type":"class"}},{"name":"toStringShallow","qualifiedName":"WellOverview.WellOverview.toStringShallow","href":"WellOverview/WellOverview/toStringShallow.html","type":"method","overriddenDepth":0,"enclosedBy":{"name":"WellOverview","type":"class"}},{"name":"toStringShort","qualifiedName":"WellOverview.WellOverview.toStringShort","href":"WellOverview/WellOverview/toStringShort.html","type":"method","overriddenDepth":2,"enclosedBy":{"name":"WellOverview","type":"class"}},{"name":"main","qualifiedName":"main","href":"main/main-library.html","type":"library","overriddenDepth":0},{"name":"MyApp","qualifiedName":"main.MyApp","href":"main/MyApp-class.html","type":"class","overriddenDepth":0,"enclosedBy":{"name":"main","type":"library"}},{"name":"operator ==","qualifiedName":"main.MyApp.==","href":"main/MyApp/operator_equals.html","type":"method","overriddenDepth":0,"enclosedBy":{"name":"MyApp","type":"class"}},{"name":"MyApp","qualifiedName":"main.MyApp.MyApp","href":"main/MyApp/MyApp.html","type":"constructor","overriddenDepth":0,"enclosedBy":{"name":"MyApp","type":"class"}},{"name":"build","qualifiedName":"main.MyApp.build","href":"main/MyApp/build.html","type":"method","overriddenDepth":1,"enclosedBy":{"name":"MyApp","type":"class"}},{"name":"createElement","qualifiedName":"main.MyApp.createElement","href":"main/MyApp/createElement.html","type":"method","overriddenDepth":1,"enclosedBy":{"name":"MyApp","type":"class"}},{"name":"debugDescribeChildren","qualifiedName":"main.MyApp.debugDescribeChildren","href":"main/MyApp/debugDescribeChildren.html","type":"method","overriddenDepth":0,"enclosedBy":{"name":"MyApp","type":"class"}},{"name":"debugFillProperties","qualifiedName":"main.MyApp.debugFillProperties","href":"main/MyApp/debugFillProperties.html","type":"method","overriddenDepth":1,"enclosedBy":{"name":"MyApp","type":"class"}},{"name":"hashCode","qualifiedName":"main.MyApp.hashCode","href":"main/MyApp/hashCode.html","type":"property","overriddenDepth":0,"enclosedBy":{"name":"MyApp","type":"class"}},{"name":"key","qualifiedName":"main.MyApp.key","href":"main/MyApp/key.html","type":"property","overriddenDepth":0,"enclosedBy":{"name":"MyApp","type":"class"}},{"name":"noSuchMethod","qualifiedName":"main.MyApp.noSuchMethod","href":"main/MyApp/noSuchMethod.html","type":"method","overriddenDepth":0,"enclosedBy":{"name":"MyApp","type":"class"}},{"name":"runtimeType","qualifiedName":"main.MyApp.runtimeType","href":"main/MyApp/runtimeType.html","type":"property","overriddenDepth":0,"enclosedBy":{"name":"MyApp","type":"class"}},{"name":"toDiagnosticsNode","qualifiedName":"main.MyApp.toDiagnosticsNode","href":"main/MyApp/toDiagnosticsNode.html","type":"method","overriddenDepth":1,"enclosedBy":{"name":"MyApp","type":"class"}},{"name":"toString","qualifiedName":"main.MyApp.toString","href":"main/MyApp/toString.html","type":"method","overriddenDepth":1,"enclosedBy":{"name":"MyApp","type":"class"}},{"name":"toStringDeep","qualifiedName":"main.MyApp.toStringDeep","href":"main/MyApp/toStringDeep.html","type":"method","overriddenDepth":0,"enclosedBy":{"name":"MyApp","type":"class"}},{"name":"toStringShallow","qualifiedName":"main.MyApp.toStringShallow","href":"main/MyApp/toStringShallow.html","type":"method","overriddenDepth":0,"enclosedBy":{"name":"MyApp","type":"class"}},{"name":"toStringShort","qualifiedName":"main.MyApp.toStringShort","href":"main/MyApp/toStringShort.html","type":"method","overriddenDepth":2,"enclosedBy":{"name":"MyApp","type":"class"}},{"name":"main","qualifiedName":"main.main","href":"main/main.html","type":"function","overriddenDepth":0,"enclosedBy":{"name":"main","type":"library"}}]
